INSERT INTO "PERFIL"("ID","NOME","APAGADO") VALUES (1,'TESTE ADMIN','NAO');
INSERT INTO "PERFIL"("ID","NOME","APAGADO") VALUES (2,'TESTE','NAO');
INSERT INTO "USUARIO"("ID","LOGIN","SENHA","EMAIL","PERFIL_ID") VALUES (1,'admin','7hHLsZBS5AsHqsDKBgwj7g==','a@dextra-sw.com',1);
INSERT INTO "USUARIO"("ID","LOGIN","SENHA","EMAIL","PERFIL_ID") VALUES (2,'test','7hHLsZBS5AsHqsDKBgwj7g==','b@dextra-sw.com',2);
INSERT INTO "PERFIL_FUNCIONALIDADES" ("PERFIL_ID","FUNCIONALIDADES") VALUES (1, 'LIBERAR_DISTRIBUICAO_OPERADORAS');
INSERT INTO "PERFIL_FUNCIONALIDADES" ("PERFIL_ID","FUNCIONALIDADES") VALUES (1, 'GERENCIAR_DISTRIBUICAO_OPERADORA');
INSERT INTO "PERFIL_FUNCIONALIDADES" ("PERFIL_ID","FUNCIONALIDADES") VALUES (1, 'GERENCIAR_DISTRIBUICAO');
INSERT INTO "PERFIL_FUNCIONALIDADES" ("PERFIL_ID","FUNCIONALIDADES") VALUES (1, 'CONSULTAR_DISTRIBUICAO_TABULAR');
INSERT INTO "PERFIL_FUNCIONALIDADES" ("PERFIL_ID","FUNCIONALIDADES") VALUES (1, 'ACESSO_SISTEMA');
INSERT INTO "PERFIL_FUNCIONALIDADES" ("PERFIL_ID","FUNCIONALIDADES") VALUES (1, 'GERENCIAR_CANAIS');
INSERT INTO "PERFIL_FUNCIONALIDADES" ("PERFIL_ID","FUNCIONALIDADES") VALUES (1, 'CONSULTAR_HISTORICO_DISTRIBUICAO');
INSERT INTO "PERFIL_FUNCIONALIDADES" ("PERFIL_ID","FUNCIONALIDADES") VALUES (1, 'CONSULTAR_JOGOS');
INSERT INTO "PERFIL_FUNCIONALIDADES" ("PERFIL_ID","FUNCIONALIDADES") VALUES (1, 'CONSULTAR_CAMPEONATOS');
INSERT INTO "PERFIL_FUNCIONALIDADES" ("PERFIL_ID","FUNCIONALIDADES") VALUES (1, 'CONFIGURAR_PESO_CLUBE');
INSERT INTO "PERFIL_FUNCIONALIDADES" ("PERFIL_ID","FUNCIONALIDADES") VALUES (1, 'GERENCIAR_CAMPEONATOS');
INSERT INTO "PERFIL_FUNCIONALIDADES" ("PERFIL_ID","FUNCIONALIDADES") VALUES (1, 'CONSULTAR_DISTRIBUICAO');
INSERT INTO "PERFIL_FUNCIONALIDADES" ("PERFIL_ID","FUNCIONALIDADES") VALUES (1, 'CONSULTAR_CLUBES');
INSERT INTO "PERFIL_FUNCIONALIDADES" ("PERFIL_ID","FUNCIONALIDADES") VALUES (1, 'CONSULTAR_OPERADORAS');
INSERT INTO "PERFIL_FUNCIONALIDADES" ("PERFIL_ID","FUNCIONALIDADES") VALUES (1, 'CONSULTAR_DISTRIBUICAO_OPERADORA');
INSERT INTO "PERFIL_FUNCIONALIDADES" ("PERFIL_ID","FUNCIONALIDADES") VALUES (1, 'AUTORIZAR_ALTERACOES_DISTRIBUICAO');
INSERT INTO "PERFIL_FUNCIONALIDADES" ("PERFIL_ID","FUNCIONALIDADES") VALUES (1, 'CONSULTAR_CANAIS');
INSERT INTO "PERFIL_FUNCIONALIDADES" ("PERFIL_ID","FUNCIONALIDADES") VALUES (1, 'GERENCIAR_DISTRIBUICAO_TABULAR');
INSERT INTO "PERFIL_FUNCIONALIDADES" ("PERFIL_ID","FUNCIONALIDADES") VALUES (1, 'GERENCIAR_HORARIOS');
INSERT INTO "PERFIL_FUNCIONALIDADES" ("PERFIL_ID","FUNCIONALIDADES") VALUES (1, 'GERENCIAR_JOGOS');
INSERT INTO "PERFIL_FUNCIONALIDADES" ("PERFIL_ID","FUNCIONALIDADES") VALUES (1, 'GERENCIAR_OPERADORAS');
INSERT INTO "PERFIL_FUNCIONALIDADES" ("PERFIL_ID","FUNCIONALIDADES") VALUES (1, 'GERENCIAR_USUARIO');
INSERT INTO "PERFIL_FUNCIONALIDADES" ("PERFIL_ID","FUNCIONALIDADES") VALUES (1, 'GERENCIAR_REGIAO');
INSERT INTO "PERFIL_FUNCIONALIDADES" ("PERFIL_ID","FUNCIONALIDADES") VALUES (1, 'GERENCIAR_COMUTACAO');
INSERT INTO "PERFIL_FUNCIONALIDADES" ("PERFIL_ID","FUNCIONALIDADES") VALUES (1, 'GERENCIAR_PERFIS');
INSERT INTO "PERFIL_FUNCIONALIDADES" ("PERFIL_ID","FUNCIONALIDADES") VALUES (2, 'CONSULTAR_DISTRIBUICAO_TABULAR');
INSERT INTO "PERFIL_FUNCIONALIDADES" ("PERFIL_ID","FUNCIONALIDADES") VALUES (2, 'ACESSO_SISTEMA');
INSERT INTO HEADEND (ID,NOME) VALUES ('1','A DEFINIR');
INSERT INTO HEADEND (ID,NOME) VALUES ('2','GVT');
INSERT INTO HEADEND (ID,NOME) VALUES ('3','NET  BELO HORIZONTE ');
INSERT INTO HEADEND (ID,NOME) VALUES ('4','NET BRASÍLIA');
INSERT INTO HEADEND (ID,NOME) VALUES ('5','NET CAMPINAS');
INSERT INTO HEADEND (ID,NOME) VALUES ('6','NET SÃO PAULO');
INSERT INTO HEADEND (ID,NOME) VALUES ('7','OI TV');
INSERT INTO HEADEND (ID,NOME) VALUES ('8','TELEFÔNICA');
INSERT INTO HEADEND (ID,NOME) VALUES ('9','TVA CURITIBA');
INSERT INTO HEADEND (ID,NOME) VALUES ('10','TVA SÃO PAULO');
INSERT INTO HEADEND (ID,NOME) VALUES ('11','SKY');
INSERT INTO CANAL (ID,NOME,TIPOCANAL,NUMERODEORDENACAO,EXCLUIDO, mediaId) VALUES ('1','CANAL 1','ABERTO','1','NAO', 10);
INSERT INTO CANAL (ID,NOME,TIPOCANAL,NUMERODEORDENACAO,EXCLUIDO, mediaId) VALUES ('2','CANAL 2','ABERTO','2','NAO', 11);
INSERT INTO CANAL (ID,NOME,TIPOCANAL,NUMERODEORDENACAO,EXCLUIDO, mediaId) VALUES ('3','CANAL 1 HD','FECHADO','3','NAO', 12);
INSERT INTO CANAL (ID,NOME,TIPOCANAL,NUMERODEORDENACAO,EXCLUIDO, mediaId) VALUES ('4','CANAL 2 HD','FECHADO','4','NAO', 13);
INSERT INTO CANAL (ID,NOME,TIPOCANAL,NUMERODEORDENACAO,EXCLUIDO, mediaId) VALUES ('5','PPV 1','PPV','6','NAO', 14);
INSERT INTO CANAL (ID,NOME,TIPOCANAL,NUMERODEORDENACAO,EXCLUIDO, mediaId) VALUES ('6','PPV 2','PPV','5','NAO', 15);
INSERT INTO CANAL (ID,NOME,TIPOCANAL,NUMERODEORDENACAO,EXCLUIDO, mediaId) VALUES ('7','ALTERNATIVO 1','AUXILIAR','7','NAO', 16);
INSERT INTO OPERADORA (ID,NOME,ESTADO,HEADEND_ID,APAGADO) VALUES('2','OPERADORA ABERTA','SP','1','NAO');
INSERT INTO OPERADORA_CANAL (OPERADORA_ID,CANAIS_ID) VALUES ('2','1');
INSERT INTO OPERADORA_CANAL (OPERADORA_ID,CANAIS_ID) VALUES ('2','2');
INSERT INTO USUARIO_OPERADORA (USUARIO_ID, OPERADORAS_ID) VALUES (1,2);
INSERT INTO USUARIO_OPERADORA (USUARIO_ID, OPERADORAS_ID) VALUES (2,2);
INSERT INTO CLUBE (ID,NOME,APELIDO,SIGLA,SLUG) VALUES ('1','CLUBE 1','CLUBE 1','C1','C1');
INSERT INTO CLUBE (ID,NOME,APELIDO,SIGLA,SLUG) VALUES ('2','CLUBE 2','CLUBE 2','C2','C2');
INSERT INTO CLUBE (ID,NOME,APELIDO,SIGLA,SLUG) VALUES ('3','CLUBE 3','CLUBE 3','C3','C3');
INSERT INTO CLUBE (ID,NOME,APELIDO,SIGLA,SLUG) VALUES ('4','CLUBE 4','CLUBE 4','C4','C4');
INSERT INTO CAMPEONATO (ID,NOME,TIPOCAMPEONATO,DATAINICIO,DATAFIM,APAGADO,NUMERORODADAATUAL) VALUES ('1','CAMPEONATO 1','NACIONAL',TO_DATE('01/01/2012','DD/MM/YYYY'),TO_DATE('31/12/2012','DD/MM/YYYY'),'NAO',0);
INSERT INTO CAMPEONATO (ID,NOME,TIPOCAMPEONATO,DATAINICIO,DATAFIM,APAGADO,NUMERORODADAATUAL) VALUES ('2','CAMPEONATO 2','NACIONAL',TO_DATE('01/01/2013','DD/MM/YYYY'),TO_DATE('31/12/2013','DD/MM/YYYY'),'NAO',0);
INSERT INTO FASE (ID,NOME,CAMPEONATO_ID) VALUES ('1','FASE 1','1');
INSERT INTO EVENTO (DTYPE,ID,ALTERADO,APAGADO,DATA,GENERO,HD,OFF,OFFDESLOCAMENTO,PFI,PROD,PRODUCAOLOCALDESLOCAMENTO,PRODUTORAS,ESTADIO_ID,RODADA,FASE_ID,MANDANTE_ID,VISITANTE_ID) VALUES ('JOGO','1','NAO','NAO',TO_DATE('03/07/2013 08:00:00','DD/MM/YYYY HH:MI:SS'),'FUTEBOL','NAO','NAO','NAO','NAO','B','NAO','RRB -U UM 1',NULL,'1',1,'1','2');
INSERT INTO EVENTO (DTYPE,ID,ALTERADO,APAGADO,DATA,GENERO,HD,OFF,OFFDESLOCAMENTO,PFI,PROD,PRODUCAOLOCALDESLOCAMENTO,PRODUTORAS,ESTADIO_ID,RODADA,FASE_ID,MANDANTE_ID,VISITANTE_ID) VALUES ('JOGO','2','NAO','NAO',TO_DATE('03/07/2013 10:00:00','DD/MM/YYYY HH:MI:SS'),'FUTEBOL','NAO','NAO','NAO','NAO','B','NAO','RRB -U UM 1',NULL,'2',1,'3','4');
INSERT INTO EVENTO (DTYPE,ID,ALTERADO,APAGADO,DATA,GENERO,HD,OFF,OFFDESLOCAMENTO,PFI,PROD,PRODUCAOLOCALDESLOCAMENTO,PRODUTORAS,ESTADIO_ID,RODADA,FASE_ID,MANDANTE_ID,VISITANTE_ID) VALUES ('JOGO','3','NAO','NAO',TO_DATE('03/07/2013 12:00:00','DD/MM/YYYY HH:MI:SS'),'FUTEBOL','NAO','NAO','NAO','NAO','B','NAO','RRB -U UM 1',NULL,'3',1,'2','1');
INSERT INTO EVENTO (DTYPE,ID,ALTERADO,APAGADO,DATA,GENERO,HD,OFF,OFFDESLOCAMENTO,PFI,PROD,PRODUCAOLOCALDESLOCAMENTO,PRODUTORAS,ESTADIO_ID,RODADA,FASE_ID,MANDANTE_ID,VISITANTE_ID) VALUES ('JOGO','4','NAO','NAO',TO_DATE('03/07/2013 14:00:00','DD/MM/YYYY HH:MI:SS'),'FUTEBOL','SIM','NAO','NAO','NAO','B','NAO','RRB -U UM 1',NULL,'4',1,'4','3');
INSERT INTO EVENTO (DTYPE,ID,ALTERADO,APAGADO,DATA,GENERO,HD,OFF,OFFDESLOCAMENTO,PFI,PROD,PRODUCAOLOCALDESLOCAMENTO,PRODUTORAS,ESTADIO_ID,RODADA,FASE_ID,MANDANTE_ID,VISITANTE_ID) VALUES ('JOGO','5','NAO','NAO',TO_DATE('03/07/2013 16:00:00','DD/MM/YYYY HH:MI:SS'),'FUTEBOL','SIM','NAO','NAO','NAO','B','NAO','RRB -U UM 1',NULL,'5',1,'1','3');
INSERT INTO EVENTO (DTYPE,ID,ALTERADO,APAGADO,DATA,GENERO,HD,OFF,OFFDESLOCAMENTO,PFI,PROD,PRODUCAOLOCALDESLOCAMENTO,PRODUTORAS,ESTADIO_ID,RODADA,FASE_ID,MANDANTE_ID,VISITANTE_ID) VALUES ('JOGO','6','NAO','NAO',TO_DATE('03/07/2013 18:00:00','DD/MM/YYYY HH:MI:SS'),'FUTEBOL','NAO','NAO','NAO','NAO','B','NAO','RRB -U UM 1',NULL,'6',1,'4','2');
INSERT INTO EVENTO (DTYPE,ID,ALTERADO,APAGADO,DATA,GENERO,HD,OFF,OFFDESLOCAMENTO,PFI,PROD,PRODUCAOLOCALDESLOCAMENTO,PRODUTORAS,ESTADIO_ID,RODADA,FASE_ID,MANDANTE_ID,VISITANTE_ID) VALUES ('JOGO','7','NAO','NAO',TO_DATE('03/07/2013 20:00:00','DD/MM/YYYY HH:MI:SS'),'FUTEBOL','NAO','NAO','NAO','NAO','B','NAO','RRB -U UM 1',NULL,'7',1,'3','1');
INSERT INTO EVENTO (DTYPE,ID,ALTERADO,APAGADO,DATA,GENERO,HD,OFF,OFFDESLOCAMENTO,PFI,PROD,PRODUCAOLOCALDESLOCAMENTO,PRODUTORAS,ESTADIO_ID,RODADA,FASE_ID,MANDANTE_ID,VISITANTE_ID) VALUES ('JOGO','8','NAO','NAO',TO_DATE('03/07/2013 22:00:00','DD/MM/YYYY HH:MI:SS'),'FUTEBOL','NAO','NAO','NAO','NAO','B','NAO','RRB -U UM 1',NULL,'8',1,'2','4');
INSERT INTO EVENTO (DTYPE,ID,NOME,ALTERADO,APAGADO,DATA,ABERTURASINAL,FECHAMENTOSINAL) VALUES ('MOSAICO','9','MOSAICO TESTE','NAO','NAO',TO_DATE('03/07/2013 22:00:00','DD/MM/YYYY HH:MI:SS'),TO_DATE('03/07/2013 21:00:00','DD/MM/YYYY HH:MI:SS'),TO_DATE('03/07/2013 23:00:00','DD/MM/YYYY HH:MI:SS'));
INSERT INTO EVENTO (DTYPE,ID,NOME,ALTERADO,APAGADO,DATA) VALUES ('EVENTO','10','EVENTO TESTE','NAO','NAO',TO_DATE('03/07/2013 22:00:00','DD/MM/YYYY HH:MI:SS'));
INSERT INTO CAMPEONATOCANAL (ID,CAMPEONATO_ID,CANAL_ID) VALUES ('1','1','1');
INSERT INTO CAMPEONATOCANAL (ID,CAMPEONATO_ID,CANAL_ID) VALUES ('2','1','3');
INSERT INTO CAMPEONATOCANAL (ID,CAMPEONATO_ID,CANAL_ID) VALUES ('3','1','4');
INSERT INTO CAMPEONATOCANAL (ID,CAMPEONATO_ID,CANAL_ID) VALUES ('4','1','5');
INSERT INTO CAMPEONATOCLUBE (ID,CAMPEONATO_ID,CLUBE_ID) VALUES ('1','1','1');
INSERT INTO CAMPEONATOCLUBE (ID,CAMPEONATO_ID,CLUBE_ID) VALUES ('2','1','2');
INSERT INTO CAMPEONATOCLUBE (ID,CAMPEONATO_ID,CLUBE_ID) VALUES ('3','1','3');
INSERT INTO CAMPEONATOCLUBE (ID,CAMPEONATO_ID,CLUBE_ID) VALUES ('4','1','4');
INSERT INTO CAMPEONATOOPERADORA (ID,CAMPEONATO_ID,OPERADORA_ID) VALUES ('2','1','2');
INSERT INTO CIDADE (ID,NOME,ESTADO) VALUES ('1','CAMPINAS','SP');
INSERT INTO CIDADE (ID,NOME,ESTADO) VALUES ('2','SÃO PAULO','SP');
INSERT INTO CIDADE (ID,NOME,ESTADO) VALUES ('3','VALINHOS','SP');
INSERT INTO CIDADE (ID,NOME,ESTADO) VALUES ('4','VINHEDO','SP');
INSERT INTO CIDADE (ID,NOME,ESTADO) VALUES ('5','PAULINIA','SP');
INSERT INTO CIDADE (ID,NOME,ESTADO) VALUES ('6','LIMEIRA','SP');
INSERT INTO ESTADIO (ID,NOME,NOMEPOPULAR,CIDADE_ID) VALUES ('1','ESTADIO 1','EST. 1', 1);
DROP SEQUENCE "HIBERNATE_SEQUENCE";
CREATE SEQUENCE "HIBERNATE_SEQUENCE" START WITH 3000 INCREMENT BY 1;
INSERT INTO GRUPOAFILIADA (ID, NOME, CODIGO) VALUES (NEXT VALUE FOR "HIBERNATE_SEQUENCE",'EPTV', 'G06');
INSERT INTO GRUPOAFILIADA (ID, NOME, CODIGO) VALUES (NEXT VALUE FOR "HIBERNATE_SEQUENCE", 'REDE INTER TV', 'G26');
INSERT INTO GRUPOAFILIADA (ID, NOME, CODIGO) VALUES (NEXT VALUE FOR "HIBERNATE_SEQUENCE",'RBS', 'G01');
INSERT INTO GRUPOAFILIADA (ID, NOME, CODIGO) VALUES (NEXT VALUE FOR "HIBERNATE_SEQUENCE",'REDE AMAZÔNICA', 'G02');
INSERT INTO GRUPOAFILIADA (ID, NOME, CODIGO) VALUES (NEXT VALUE FOR "HIBERNATE_SEQUENCE",'RPC', 'G08');
INSERT INTO GRUPOAFILIADA (ID, NOME, CODIGO) VALUES (NEXT VALUE FOR "HIBERNATE_SEQUENCE",'REDE CLUBE', 'G23');
INSERT INTO GRUPOAFILIADA (ID, NOME, CODIGO) VALUES (NEXT VALUE FOR "HIBERNATE_SEQUENCE",'REDE ANHANGUERA', 'G09');
INSERT INTO GRUPOAFILIADA (ID, NOME, CODIGO) VALUES (NEXT VALUE FOR "HIBERNATE_SEQUENCE",'TV ASA BRANCA', 'G27');
INSERT INTO GRUPOAFILIADA (ID, NOME, CODIGO) VALUES (NEXT VALUE FOR "HIBERNATE_SEQUENCE",'REDE BAHIA', 'G00');
INSERT INTO GRUPOAFILIADA (ID, NOME, CODIGO) VALUES (NEXT VALUE FOR "HIBERNATE_SEQUENCE",'REDE PARAÍBA', 'G17');
INSERT INTO GRUPOAFILIADA (ID, NOME, CODIGO) VALUES (NEXT VALUE FOR "HIBERNATE_SEQUENCE",'REDE MATOGROSSENSE', 'G13');
INSERT INTO GRUPOAFILIADA (ID, NOME, CODIGO) VALUES (NEXT VALUE FOR "HIBERNATE_SEQUENCE",'TV DIÁRIO', 'G11');
INSERT INTO GRUPOAFILIADA (ID, NOME, CODIGO) VALUES (NEXT VALUE FOR "HIBERNATE_SEQUENCE",'TV FRONTEIRA', 'G15');
INSERT INTO GRUPOAFILIADA (ID, NOME, CODIGO) VALUES (NEXT VALUE FOR "HIBERNATE_SEQUENCE",'REDE GAZETA', 'G10');
INSERT INTO GRUPOAFILIADA (ID, NOME, CODIGO) VALUES (NEXT VALUE FOR "HIBERNATE_SEQUENCE",'TV GAZETA DE ALAGOAS', 'G16');
INSERT INTO GRUPOAFILIADA (ID, NOME, CODIGO) VALUES (NEXT VALUE FOR "HIBERNATE_SEQUENCE",'REDE GLOBO', 'TVG');
INSERT INTO GRUPOAFILIADA (ID, NOME, CODIGO) VALUES (NEXT VALUE FOR "HIBERNATE_SEQUENCE",'TV GRANDE RIO', 'G22');
INSERT INTO GRUPOAFILIADA (ID, NOME, CODIGO) VALUES (NEXT VALUE FOR "HIBERNATE_SEQUENCE",'TV INTEGRAÇÃO', 'G19');
INSERT INTO GRUPOAFILIADA (ID, NOME, CODIGO) VALUES (NEXT VALUE FOR "HIBERNATE_SEQUENCE",'REDE LIBERAL', 'G24');
INSERT INTO GRUPOAFILIADA (ID, NOME, CODIGO) VALUES (NEXT VALUE FOR "HIBERNATE_SEQUENCE",'REDE MIRANTE', 'G25');
INSERT INTO GRUPOAFILIADA (ID, NOME, CODIGO) VALUES (NEXT VALUE FOR "HIBERNATE_SEQUENCE",'TV BALSAS', 'G21');
INSERT INTO GRUPOAFILIADA (ID, NOME, CODIGO) VALUES (NEXT VALUE FOR "HIBERNATE_SEQUENCE",'TV RIO SUL', 'G18');
INSERT INTO GRUPOAFILIADA (ID, NOME, CODIGO) VALUES (NEXT VALUE FOR "HIBERNATE_SEQUENCE",'TV SERGIPE', 'G05');
INSERT INTO GRUPOAFILIADA (ID, NOME, CODIGO) VALUES (NEXT VALUE FOR "HIBERNATE_SEQUENCE",'TV TAPAJÓS', 'G12');
INSERT INTO GRUPOAFILIADA (ID, NOME, CODIGO) VALUES (NEXT VALUE FOR "HIBERNATE_SEQUENCE",'TV TEM', 'G07');
INSERT INTO GRUPOAFILIADA (ID, NOME, CODIGO) VALUES (NEXT VALUE FOR "HIBERNATE_SEQUENCE",'TV TRIBUNA', 'G03');
INSERT INTO GRUPOAFILIADA (ID, NOME, CODIGO) VALUES (NEXT VALUE FOR "HIBERNATE_SEQUENCE",'TV VERDES MARES', 'G20');
INSERT INTO GRUPOAFILIADA (ID, NOME, CODIGO) VALUES (NEXT VALUE FOR "HIBERNATE_SEQUENCE",'REDE VANGUARDA', 'G04');
INSERT INTO AFILIADA (ID,NOME,CODIGO,ESTADO,GRUPOAFILIADA_ID) SELECT NEXT VALUE FOR "HIBERNATE_SEQUENCE",'EPTV SUL DE MINAS','VAR','MG',G.ID FROM GRUPOAFILIADA G WHERE CODIGO='G06';
INSERT INTO AFILIADA (ID,NOME,CODIGO,ESTADO,GRUPOAFILIADA_ID) SELECT NEXT VALUE FOR "HIBERNATE_SEQUENCE",'EPTV CENTRAL','SCA','SP',G.ID FROM GRUPOAFILIADA G WHERE CODIGO='G06';
INSERT INTO AFILIADA (ID,NOME,CODIGO,ESTADO,GRUPOAFILIADA_ID) SELECT NEXT VALUE FOR "HIBERNATE_SEQUENCE",'EPTV RIBEIRÃO','RIB','SP',G.ID FROM GRUPOAFILIADA G WHERE CODIGO='G06';
INSERT INTO AFILIADA (ID,NOME,CODIGO,ESTADO,GRUPOAFILIADA_ID) SELECT NEXT VALUE FOR "HIBERNATE_SEQUENCE",'EPTV CAMPINAS','CAM','SP',G.ID FROM GRUPOAFILIADA G WHERE CODIGO='G06';
INSERT INTO AFILIADA (ID,NOME,CODIGO,ESTADO,GRUPOAFILIADA_ID) SELECT NEXT VALUE FOR "HIBERNATE_SEQUENCE",'INTER TV CABUGI','NAT','PI',G.ID FROM GRUPOAFILIADA G WHERE CODIGO='G26';
INSERT INTO AFILIADA (ID,NOME,CODIGO,ESTADO,GRUPOAFILIADA_ID) SELECT NEXT VALUE FOR "HIBERNATE_SEQUENCE",'INTER TV ALTO LITORAL','CAB','RJ',G.ID FROM GRUPOAFILIADA G WHERE CODIGO='G26';
INSERT INTO AFILIADA (ID,NOME,CODIGO,ESTADO,GRUPOAFILIADA_ID) SELECT NEXT VALUE FOR "HIBERNATE_SEQUENCE",'INTER TV COSTA BRANCA','NA2','PI',G.ID FROM GRUPOAFILIADA G WHERE CODIGO='G26';
INSERT INTO AFILIADA (ID,NOME,CODIGO,ESTADO,GRUPOAFILIADA_ID) SELECT NEXT VALUE FOR "HIBERNATE_SEQUENCE",'INTER TV DOS VALES','FAB','MG',G.ID FROM GRUPOAFILIADA G WHERE CODIGO='G26';
INSERT INTO AFILIADA (ID,NOME,CODIGO,ESTADO,GRUPOAFILIADA_ID) SELECT NEXT VALUE FOR "HIBERNATE_SEQUENCE",'INTER TV PLANÍCIE','FLU','RJ',G.ID FROM GRUPOAFILIADA G WHERE CODIGO='G26';
INSERT INTO AFILIADA (ID,NOME,CODIGO,ESTADO,GRUPOAFILIADA_ID) SELECT NEXT VALUE FOR "HIBERNATE_SEQUENCE",'INTER TV SERRA MAR','FRI','RJ',G.ID FROM GRUPOAFILIADA G WHERE CODIGO='G26';
INSERT INTO AFILIADA (ID,NOME,CODIGO,ESTADO,GRUPOAFILIADA_ID) SELECT NEXT VALUE FOR "HIBERNATE_SEQUENCE",'INTER TV GRANDE MINAS','MTC','MG',G.ID FROM GRUPOAFILIADA G WHERE CODIGO='G26';
INSERT INTO AFILIADA (ID,NOME,CODIGO,ESTADO,GRUPOAFILIADA_ID) SELECT NEXT VALUE FOR "HIBERNATE_SEQUENCE",'RBS TV PELOTAS','PEL','RS',G.ID FROM GRUPOAFILIADA G WHERE CODIGO='G01';
INSERT INTO AFILIADA (ID,NOME,CODIGO,ESTADO,GRUPOAFILIADA_ID) SELECT NEXT VALUE FOR "HIBERNATE_SEQUENCE",'RBS TV PORTO ALEGRE','RS1','RS',G.ID FROM GRUPOAFILIADA G WHERE CODIGO='G01';
INSERT INTO AFILIADA (ID,NOME,CODIGO,ESTADO,GRUPOAFILIADA_ID) SELECT NEXT VALUE FOR "HIBERNATE_SEQUENCE",'RBS TV RIO GRANDE','RGE','RS',G.ID FROM GRUPOAFILIADA G WHERE CODIGO='G01';
INSERT INTO AFILIADA (ID,NOME,CODIGO,ESTADO,GRUPOAFILIADA_ID) SELECT NEXT VALUE FOR "HIBERNATE_SEQUENCE",'RBS TV PASSO FUNDO','PFO','RS',G.ID FROM GRUPOAFILIADA G WHERE CODIGO='G01';
INSERT INTO AFILIADA (ID,NOME,CODIGO,ESTADO,GRUPOAFILIADA_ID) SELECT NEXT VALUE FOR "HIBERNATE_SEQUENCE",'RBS TV JOINVILLE','JOI','SC',G.ID FROM GRUPOAFILIADA G WHERE CODIGO='G01';
INSERT INTO AFILIADA (ID,NOME,CODIGO,ESTADO,GRUPOAFILIADA_ID) SELECT NEXT VALUE FOR "HIBERNATE_SEQUENCE",'RBS TV FLORIANÓPOLIS','SC1','SC',G.ID FROM GRUPOAFILIADA G WHERE CODIGO='G01';
INSERT INTO AFILIADA (ID,NOME,CODIGO,ESTADO,GRUPOAFILIADA_ID) SELECT NEXT VALUE FOR "HIBERNATE_SEQUENCE",'RBS TV ERECHIM','ERE','RS',G.ID FROM GRUPOAFILIADA G WHERE CODIGO='G01';
INSERT INTO AFILIADA (ID,NOME,CODIGO,ESTADO,GRUPOAFILIADA_ID) SELECT NEXT VALUE FOR "HIBERNATE_SEQUENCE",'RBS TV CRUZ ALTA','CAL','RS',G.ID FROM GRUPOAFILIADA G WHERE CODIGO='G01';
INSERT INTO AFILIADA (ID,NOME,CODIGO,ESTADO,GRUPOAFILIADA_ID) SELECT NEXT VALUE FOR "HIBERNATE_SEQUENCE",'RBS TV CRICIÚMA','CRI','SC',G.ID FROM GRUPOAFILIADA G WHERE CODIGO='G01';
INSERT INTO AFILIADA (ID,NOME,CODIGO,ESTADO,GRUPOAFILIADA_ID) SELECT NEXT VALUE FOR "HIBERNATE_SEQUENCE",'RBS TV CHAPECÃ','CHA','SC',G.ID FROM GRUPOAFILIADA G WHERE CODIGO='G01';
INSERT INTO AFILIADA (ID,NOME,CODIGO,ESTADO,GRUPOAFILIADA_ID) SELECT NEXT VALUE FOR "HIBERNATE_SEQUENCE",'RBS TV CENTRO-OESTE','JOA','SC',G.ID FROM GRUPOAFILIADA G WHERE CODIGO='G01';
INSERT INTO AFILIADA (ID,NOME,CODIGO,ESTADO,GRUPOAFILIADA_ID) SELECT NEXT VALUE FOR "HIBERNATE_SEQUENCE",'RBS TV CAXIAS DO SUL','CXS','RS',G.ID FROM GRUPOAFILIADA G WHERE CODIGO='G01';
INSERT INTO AFILIADA (ID,NOME,CODIGO,ESTADO,GRUPOAFILIADA_ID) SELECT NEXT VALUE FOR "HIBERNATE_SEQUENCE",'RBS TV BLUMENAU','BLU','SC',G.ID FROM GRUPOAFILIADA G WHERE CODIGO='G01';
INSERT INTO AFILIADA (ID,NOME,CODIGO,ESTADO,GRUPOAFILIADA_ID) SELECT NEXT VALUE FOR "HIBERNATE_SEQUENCE",'RBS TV BAGÃ','BAG','RS',G.ID FROM GRUPOAFILIADA G WHERE CODIGO='G01';
INSERT INTO AFILIADA (ID,NOME,CODIGO,ESTADO,GRUPOAFILIADA_ID) SELECT NEXT VALUE FOR "HIBERNATE_SEQUENCE",'RBS TV SANTA CRUZ','STC','RS',G.ID FROM GRUPOAFILIADA G WHERE CODIGO='G01';
INSERT INTO AFILIADA (ID,NOME,CODIGO,ESTADO,GRUPOAFILIADA_ID) SELECT NEXT VALUE FOR "HIBERNATE_SEQUENCE",'RBS TV URUGUAIANA','URU','RS',G.ID FROM GRUPOAFILIADA G WHERE CODIGO='G01';
INSERT INTO AFILIADA (ID,NOME,CODIGO,ESTADO,GRUPOAFILIADA_ID) SELECT NEXT VALUE FOR "HIBERNATE_SEQUENCE",'RBS TV SANTA ROSA','STR','RS',G.ID FROM GRUPOAFILIADA G WHERE CODIGO='G01';
INSERT INTO AFILIADA (ID,NOME,CODIGO,ESTADO,GRUPOAFILIADA_ID) SELECT NEXT VALUE FOR "HIBERNATE_SEQUENCE",'RBS TV SANTA MARIA','SMA','RS',G.ID FROM GRUPOAFILIADA G WHERE CODIGO='G01';
INSERT INTO AFILIADA (ID,NOME,CODIGO,ESTADO,GRUPOAFILIADA_ID) SELECT NEXT VALUE FOR "HIBERNATE_SEQUENCE",'REDE AMAZÔNICA ARIQUEMES','ARI','RO',G.ID FROM GRUPOAFILIADA G WHERE CODIGO='G02';
INSERT INTO AFILIADA (ID,NOME,CODIGO,ESTADO,GRUPOAFILIADA_ID) SELECT NEXT VALUE FOR "HIBERNATE_SEQUENCE",'REDE AMAZÔNICA BOA VISTA','ROR','RR',G.ID FROM GRUPOAFILIADA G WHERE CODIGO='G02';
INSERT INTO AFILIADA (ID,NOME,CODIGO,ESTADO,GRUPOAFILIADA_ID) SELECT NEXT VALUE FOR "HIBERNATE_SEQUENCE",'REDE AMAZÔNICA VILHENA','VLH','RO',G.ID FROM GRUPOAFILIADA G WHERE CODIGO='G02';
INSERT INTO AFILIADA (ID,NOME,CODIGO,ESTADO,GRUPOAFILIADA_ID) SELECT NEXT VALUE FOR "HIBERNATE_SEQUENCE",'REDE AMAZÔNICA RIO BRANCO','ACR','AC',G.ID FROM GRUPOAFILIADA G WHERE CODIGO='G02';
INSERT INTO AFILIADA (ID,NOME,CODIGO,ESTADO,GRUPOAFILIADA_ID) SELECT NEXT VALUE FOR "HIBERNATE_SEQUENCE",'REDE AMAZÔNICA PORTO VELHO','RON','RO',G.ID FROM GRUPOAFILIADA G WHERE CODIGO='G02';
INSERT INTO AFILIADA (ID,NOME,CODIGO,ESTADO,GRUPOAFILIADA_ID) SELECT NEXT VALUE FOR "HIBERNATE_SEQUENCE",'REDE AMAZÔNICA PARINTIS','PIN','AM',G.ID FROM GRUPOAFILIADA G WHERE CODIGO='G02';
INSERT INTO AFILIADA (ID,NOME,CODIGO,ESTADO,GRUPOAFILIADA_ID) SELECT NEXT VALUE FOR "HIBERNATE_SEQUENCE",'REDE AMAZÔNICA MANAUS','MAN','AM',G.ID FROM GRUPOAFILIADA G WHERE CODIGO='G02';
INSERT INTO AFILIADA (ID,NOME,CODIGO,ESTADO,GRUPOAFILIADA_ID) SELECT NEXT VALUE FOR "HIBERNATE_SEQUENCE",'REDE AMAZÔNICA MACAPÁ','AMP','AP',G.ID FROM GRUPOAFILIADA G WHERE CODIGO='G02';
INSERT INTO AFILIADA (ID,NOME,CODIGO,ESTADO,GRUPOAFILIADA_ID) SELECT NEXT VALUE FOR "HIBERNATE_SEQUENCE",'REDE AMAZÔNICA JI-PARANÁ','JIP','RO',G.ID FROM GRUPOAFILIADA G WHERE CODIGO='G02';
INSERT INTO AFILIADA (ID,NOME,CODIGO,ESTADO,GRUPOAFILIADA_ID) SELECT NEXT VALUE FOR "HIBERNATE_SEQUENCE",'REDE AMAZÔNICA ITACOATIARA','ITC','AM',G.ID FROM GRUPOAFILIADA G WHERE CODIGO='G02';
INSERT INTO AFILIADA (ID,NOME,CODIGO,ESTADO,GRUPOAFILIADA_ID) SELECT NEXT VALUE FOR "HIBERNATE_SEQUENCE",'REDE AMAZÔNICA GUAJARÁ-MIRIM','GUA','RO',G.ID FROM GRUPOAFILIADA G WHERE CODIGO='G02';
INSERT INTO AFILIADA (ID,NOME,CODIGO,ESTADO,GRUPOAFILIADA_ID) SELECT NEXT VALUE FOR "HIBERNATE_SEQUENCE",'REDE AMAZÔNICA CACOAL','COA','RO',G.ID FROM GRUPOAFILIADA G WHERE CODIGO='G02';
INSERT INTO AFILIADA (ID,NOME,CODIGO,ESTADO,GRUPOAFILIADA_ID) SELECT NEXT VALUE FOR "HIBERNATE_SEQUENCE",'REDE AMAZÔNICA CRUZEIRO DO SUL','CZS','AC',G.ID FROM GRUPOAFILIADA G WHERE CODIGO='G02';
INSERT INTO AFILIADA (ID,NOME,CODIGO,ESTADO,GRUPOAFILIADA_ID) SELECT NEXT VALUE FOR "HIBERNATE_SEQUENCE",'RPC FOZ DO IGUAÇU','FOZ','PR',G.ID FROM GRUPOAFILIADA G WHERE CODIGO='G08';
INSERT INTO AFILIADA (ID,NOME,CODIGO,ESTADO,GRUPOAFILIADA_ID) SELECT NEXT VALUE FOR "HIBERNATE_SEQUENCE",'RPC PONTA GROSSA','PGR','PR',G.ID FROM GRUPOAFILIADA G WHERE CODIGO='G08';
INSERT INTO AFILIADA (ID,NOME,CODIGO,ESTADO,GRUPOAFILIADA_ID) SELECT NEXT VALUE FOR "HIBERNATE_SEQUENCE",'RPC MARINGÁ','MAR','PR',G.ID FROM GRUPOAFILIADA G WHERE CODIGO='G08';
INSERT INTO AFILIADA (ID,NOME,CODIGO,ESTADO,GRUPOAFILIADA_ID) SELECT NEXT VALUE FOR "HIBERNATE_SEQUENCE",'RPC LONDRINA','LON','PR',G.ID FROM GRUPOAFILIADA G WHERE CODIGO='G08';
INSERT INTO AFILIADA (ID,NOME,CODIGO,ESTADO,GRUPOAFILIADA_ID) SELECT NEXT VALUE FOR "HIBERNATE_SEQUENCE",'RPC GUARAPUAVA','GAV','PR',G.ID FROM GRUPOAFILIADA G WHERE CODIGO='G08';
INSERT INTO AFILIADA (ID,NOME,CODIGO,ESTADO,GRUPOAFILIADA_ID) SELECT NEXT VALUE FOR "HIBERNATE_SEQUENCE",'RPC CURITIBA','CUR','PR',G.ID FROM GRUPOAFILIADA G WHERE CODIGO='G08';
INSERT INTO AFILIADA (ID,NOME,CODIGO,ESTADO,GRUPOAFILIADA_ID) SELECT NEXT VALUE FOR "HIBERNATE_SEQUENCE",'RPC CASCAVEL','CAV','PR',G.ID FROM GRUPOAFILIADA G WHERE CODIGO='G08';
INSERT INTO AFILIADA (ID,NOME,CODIGO,ESTADO,GRUPOAFILIADA_ID) SELECT NEXT VALUE FOR "HIBERNATE_SEQUENCE",'RPC PARANÁ','PR3','PR',G.ID FROM GRUPOAFILIADA G WHERE CODIGO='G08';
INSERT INTO AFILIADA (ID,NOME,CODIGO,ESTADO,GRUPOAFILIADA_ID) SELECT NEXT VALUE FOR "HIBERNATE_SEQUENCE",'TV CLUBE','TER','PI',G.ID FROM GRUPOAFILIADA G WHERE CODIGO='G23';
INSERT INTO AFILIADA (ID,NOME,CODIGO,ESTADO,GRUPOAFILIADA_ID) SELECT NEXT VALUE FOR "HIBERNATE_SEQUENCE",'TV ALVORADA DO SUL','FNO','PI',G.ID FROM GRUPOAFILIADA G WHERE CODIGO='G23';
INSERT INTO AFILIADA (ID,NOME,CODIGO,ESTADO,GRUPOAFILIADA_ID) SELECT NEXT VALUE FOR "HIBERNATE_SEQUENCE",'TV ANHANGUERA ANAPOLIS','GO2','GO',G.ID FROM GRUPOAFILIADA G WHERE CODIGO='G09';
INSERT INTO AFILIADA (ID,NOME,CODIGO,ESTADO,GRUPOAFILIADA_ID) SELECT NEXT VALUE FOR "HIBERNATE_SEQUENCE",'TV ANHANGUERA CATALÃO','CAT','GO',G.ID FROM GRUPOAFILIADA G WHERE CODIGO='G09';
INSERT INTO AFILIADA (ID,NOME,CODIGO,ESTADO,GRUPOAFILIADA_ID) SELECT NEXT VALUE FOR "HIBERNATE_SEQUENCE",'TV ANHANGUERA DE ARAGUAÍNA','INA','TO',G.ID FROM GRUPOAFILIADA G WHERE CODIGO='G09';
INSERT INTO AFILIADA (ID,NOME,CODIGO,ESTADO,GRUPOAFILIADA_ID) SELECT NEXT VALUE FOR "HIBERNATE_SEQUENCE",'TV ANHANGUERA GOIÂNIA','GO1','GO',G.ID FROM GRUPOAFILIADA G WHERE CODIGO='G09';
INSERT INTO AFILIADA (ID,NOME,CODIGO,ESTADO,GRUPOAFILIADA_ID) SELECT NEXT VALUE FOR "HIBERNATE_SEQUENCE",'TV ANHANGUERA GURUPI','GUR','TO',G.ID FROM GRUPOAFILIADA G WHERE CODIGO='G09';
INSERT INTO AFILIADA (ID,NOME,CODIGO,ESTADO,GRUPOAFILIADA_ID) SELECT NEXT VALUE FOR "HIBERNATE_SEQUENCE",'TV ANHANGUERA ITUMBIARA','IBI','GO',G.ID FROM GRUPOAFILIADA G WHERE CODIGO='G09';
INSERT INTO AFILIADA (ID,NOME,CODIGO,ESTADO,GRUPOAFILIADA_ID) SELECT NEXT VALUE FOR "HIBERNATE_SEQUENCE",'TV ANHANGUERA JATAÃ','JAT','GO',G.ID FROM GRUPOAFILIADA G WHERE CODIGO='G09';
INSERT INTO AFILIADA (ID,NOME,CODIGO,ESTADO,GRUPOAFILIADA_ID) SELECT NEXT VALUE FOR "HIBERNATE_SEQUENCE",'TV ANHANGUERA LUZIANIA','LZA','GO',G.ID FROM GRUPOAFILIADA G WHERE CODIGO='G09';
INSERT INTO AFILIADA (ID,NOME,CODIGO,ESTADO,GRUPOAFILIADA_ID) SELECT NEXT VALUE FOR "HIBERNATE_SEQUENCE",'TV ANHANGUERA PALMAS','PAL','TO',G.ID FROM GRUPOAFILIADA G WHERE CODIGO='G09';
INSERT INTO AFILIADA (ID,NOME,CODIGO,ESTADO,GRUPOAFILIADA_ID) SELECT NEXT VALUE FOR "HIBERNATE_SEQUENCE",'TV ANHANGUERA PORANGATU','PRT','GO',G.ID FROM GRUPOAFILIADA G WHERE CODIGO='G09';
INSERT INTO AFILIADA (ID,NOME,CODIGO,ESTADO,GRUPOAFILIADA_ID) SELECT NEXT VALUE FOR "HIBERNATE_SEQUENCE",'TV ANHANGUERA RIO VERDE','RVD','GO',G.ID FROM GRUPOAFILIADA G WHERE CODIGO='G09';
INSERT INTO AFILIADA (ID,NOME,CODIGO,ESTADO,GRUPOAFILIADA_ID) SELECT NEXT VALUE FOR "HIBERNATE_SEQUENCE",'TV ASA BRANCA','CRR','PE',G.ID FROM GRUPOAFILIADA G WHERE CODIGO='G27';
INSERT INTO AFILIADA (ID,NOME,CODIGO,ESTADO,GRUPOAFILIADA_ID) SELECT NEXT VALUE FOR "HIBERNATE_SEQUENCE",'TV SUBAÃ','FEI','BA',G.ID FROM GRUPOAFILIADA G WHERE CODIGO='G00';
INSERT INTO AFILIADA (ID,NOME,CODIGO,ESTADO,GRUPOAFILIADA_ID) SELECT NEXT VALUE FOR "HIBERNATE_SEQUENCE",'TV BAHIA','SAL','BA',G.ID FROM GRUPOAFILIADA G WHERE CODIGO='G00';
INSERT INTO AFILIADA (ID,NOME,CODIGO,ESTADO,GRUPOAFILIADA_ID) SELECT NEXT VALUE FOR "HIBERNATE_SEQUENCE",'TV SUDOESTE','VDC','BA',G.ID FROM GRUPOAFILIADA G WHERE CODIGO='G00';
INSERT INTO AFILIADA (ID,NOME,CODIGO,ESTADO,GRUPOAFILIADA_ID) SELECT NEXT VALUE FOR "HIBERNATE_SEQUENCE",'TV OESTE','BAR','BA',G.ID FROM GRUPOAFILIADA G WHERE CODIGO='G00';
INSERT INTO AFILIADA (ID,NOME,CODIGO,ESTADO,GRUPOAFILIADA_ID) SELECT NEXT VALUE FOR "HIBERNATE_SEQUENCE",'TV SANTA CRUZ','ITA','BA',G.ID FROM GRUPOAFILIADA G WHERE CODIGO='G00';
INSERT INTO AFILIADA (ID,NOME,CODIGO,ESTADO,GRUPOAFILIADA_ID) SELECT NEXT VALUE FOR "HIBERNATE_SEQUENCE",'TV SÃO FRANCISCO','JUA','BA',G.ID FROM GRUPOAFILIADA G WHERE CODIGO='G00';
INSERT INTO AFILIADA (ID,NOME,CODIGO,ESTADO,GRUPOAFILIADA_ID) SELECT NEXT VALUE FOR "HIBERNATE_SEQUENCE",'TV CABO BRANCO','JP','PB',G.ID FROM GRUPOAFILIADA G WHERE CODIGO='G17';
INSERT INTO AFILIADA (ID,NOME,CODIGO,ESTADO,GRUPOAFILIADA_ID) SELECT NEXT VALUE FOR "HIBERNATE_SEQUENCE",'TV PARAÍBA','CPG','PB',G.ID FROM GRUPOAFILIADA G WHERE CODIGO='G17';
INSERT INTO AFILIADA (ID,NOME,CODIGO,ESTADO,GRUPOAFILIADA_ID) SELECT NEXT VALUE FOR "HIBERNATE_SEQUENCE",'TV MORENA PONTA PORÃ','POR','MS',G.ID FROM GRUPOAFILIADA G WHERE CODIGO='G13';
INSERT INTO AFILIADA (ID,NOME,CODIGO,ESTADO,GRUPOAFILIADA_ID) SELECT NEXT VALUE FOR "HIBERNATE_SEQUENCE",'TV MORENA CORUMBÁ','MS2','MS',G.ID FROM GRUPOAFILIADA G WHERE CODIGO='G13';
INSERT INTO AFILIADA (ID,NOME,CODIGO,ESTADO,GRUPOAFILIADA_ID) SELECT NEXT VALUE FOR "HIBERNATE_SEQUENCE",'TV MORENA CAMPO GRANDE','MS1','MS',G.ID FROM GRUPOAFILIADA G WHERE CODIGO='G13';
INSERT INTO AFILIADA (ID,NOME,CODIGO,ESTADO,GRUPOAFILIADA_ID) SELECT NEXT VALUE FOR "HIBERNATE_SEQUENCE",'TV CENTRO-AMÉRICA CUIABÁ','MT','MT',G.ID FROM GRUPOAFILIADA G WHERE CODIGO='G13';
INSERT INTO AFILIADA (ID,NOME,CODIGO,ESTADO,GRUPOAFILIADA_ID) SELECT NEXT VALUE FOR "HIBERNATE_SEQUENCE",'TV CENTRO AMÉRICA RONDONÓPOLIS','ROD','MT',G.ID FROM GRUPOAFILIADA G WHERE CODIGO='G13';
INSERT INTO AFILIADA (ID,NOME,CODIGO,ESTADO,GRUPOAFILIADA_ID) SELECT NEXT VALUE FOR "HIBERNATE_SEQUENCE",'TV CENTRO AMÉRICA - SINOP','SNO','MT',G.ID FROM GRUPOAFILIADA G WHERE CODIGO='G13';
INSERT INTO AFILIADA (ID,NOME,CODIGO,ESTADO,GRUPOAFILIADA_ID) SELECT NEXT VALUE FOR "HIBERNATE_SEQUENCE",'TV CENTRO AMÉRICA -  TANGARÁ DA SERRA','TGS','MT',G.ID FROM GRUPOAFILIADA G WHERE CODIGO='G13';
INSERT INTO AFILIADA (ID,NOME,CODIGO,ESTADO,GRUPOAFILIADA_ID) SELECT NEXT VALUE FOR "HIBERNATE_SEQUENCE",'TV DIÁRIO','MOC','SP',G.ID FROM GRUPOAFILIADA G WHERE CODIGO='G11';
INSERT INTO AFILIADA (ID,NOME,CODIGO,ESTADO,GRUPOAFILIADA_ID) SELECT NEXT VALUE FOR "HIBERNATE_SEQUENCE",'TV FRONTEIRA','PRP','SP',G.ID FROM GRUPOAFILIADA G WHERE CODIGO='G15';
INSERT INTO AFILIADA (ID,NOME,CODIGO,ESTADO,GRUPOAFILIADA_ID) SELECT NEXT VALUE FOR "HIBERNATE_SEQUENCE",'TV GAZETA NORTE','ES2','ES',G.ID FROM GRUPOAFILIADA G WHERE CODIGO='G10';
INSERT INTO AFILIADA (ID,NOME,CODIGO,ESTADO,GRUPOAFILIADA_ID) SELECT NEXT VALUE FOR "HIBERNATE_SEQUENCE",'TV GAZETA SUL','CAC','ES',G.ID FROM GRUPOAFILIADA G WHERE CODIGO='G10';
INSERT INTO AFILIADA (ID,NOME,CODIGO,ESTADO,GRUPOAFILIADA_ID) SELECT NEXT VALUE FOR "HIBERNATE_SEQUENCE",'TV GAZETA','VIT','ES',G.ID FROM GRUPOAFILIADA G WHERE CODIGO='G10';
INSERT INTO AFILIADA (ID,NOME,CODIGO,ESTADO,GRUPOAFILIADA_ID) SELECT NEXT VALUE FOR "HIBERNATE_SEQUENCE",'TV GAZETA NOROESTE','COL','ES',G.ID FROM GRUPOAFILIADA G WHERE CODIGO='G10';
INSERT INTO AFILIADA (ID,NOME,CODIGO,ESTADO,GRUPOAFILIADA_ID) SELECT NEXT VALUE FOR "HIBERNATE_SEQUENCE",'TV GAZETA DE ALAGOAS','MAC','AL',G.ID FROM GRUPOAFILIADA G WHERE CODIGO='G16';
INSERT INTO AFILIADA (ID,NOME,CODIGO,ESTADO,GRUPOAFILIADA_ID) SELECT NEXT VALUE FOR "HIBERNATE_SEQUENCE",'TV GLOBO SÃO PAULO','SP1','SP',G.ID FROM GRUPOAFILIADA G WHERE CODIGO='TVG';
INSERT INTO AFILIADA (ID,NOME,CODIGO,ESTADO,GRUPOAFILIADA_ID) SELECT NEXT VALUE FOR "HIBERNATE_SEQUENCE",'TV GLOBO NORDESTE','PE1','PE',G.ID FROM GRUPOAFILIADA G WHERE CODIGO='TVG';
INSERT INTO AFILIADA (ID,NOME,CODIGO,ESTADO,GRUPOAFILIADA_ID) SELECT NEXT VALUE FOR "HIBERNATE_SEQUENCE",'TV GLOBO RIO','RJ','RJ',G.ID FROM GRUPOAFILIADA G WHERE CODIGO='TVG';
INSERT INTO AFILIADA (ID,NOME,CODIGO,ESTADO,GRUPOAFILIADA_ID) SELECT NEXT VALUE FOR "HIBERNATE_SEQUENCE",'TV GLOBO BRASÍLIA','DF','DF',G.ID FROM GRUPOAFILIADA G WHERE CODIGO='TVG';
INSERT INTO AFILIADA (ID,NOME,CODIGO,ESTADO,GRUPOAFILIADA_ID) SELECT NEXT VALUE FOR "HIBERNATE_SEQUENCE",'TV GLOBO MINAS','BH','MG',G.ID FROM GRUPOAFILIADA G WHERE CODIGO='TVG';
INSERT INTO AFILIADA (ID,NOME,CODIGO,ESTADO,GRUPOAFILIADA_ID) SELECT NEXT VALUE FOR "HIBERNATE_SEQUENCE",'TV GRANDE RIO','PET','PE',G.ID FROM GRUPOAFILIADA G WHERE CODIGO='G22';
INSERT INTO AFILIADA (ID,NOME,CODIGO,ESTADO,GRUPOAFILIADA_ID) SELECT NEXT VALUE FOR "HIBERNATE_SEQUENCE",'TV INTEGRAÇÃO JUIZ DE FORA','JF','MG',G.ID FROM GRUPOAFILIADA G WHERE CODIGO='G19';
INSERT INTO AFILIADA (ID,NOME,CODIGO,ESTADO,GRUPOAFILIADA_ID) SELECT NEXT VALUE FOR "HIBERNATE_SEQUENCE",'TV INTEGRAÇÃO ARAXÁ','AXA','MG',G.ID FROM GRUPOAFILIADA G WHERE CODIGO='G19';
INSERT INTO AFILIADA (ID,NOME,CODIGO,ESTADO,GRUPOAFILIADA_ID) SELECT NEXT VALUE FOR "HIBERNATE_SEQUENCE",'TV INTEGRAÇÃO ITUIUTABA','ITU','MG',G.ID FROM GRUPOAFILIADA G WHERE CODIGO='G19';
INSERT INTO AFILIADA (ID,NOME,CODIGO,ESTADO,GRUPOAFILIADA_ID) SELECT NEXT VALUE FOR "HIBERNATE_SEQUENCE",'TV INTEGRAÇÃO UBERLÂNDIA','UBE','MG',G.ID FROM GRUPOAFILIADA G WHERE CODIGO='G19';
INSERT INTO AFILIADA (ID,NOME,CODIGO,ESTADO,GRUPOAFILIADA_ID) SELECT NEXT VALUE FOR "HIBERNATE_SEQUENCE",'TV LIBERAL TUCURUÍ','TUC','PA',G.ID FROM GRUPOAFILIADA G WHERE CODIGO='G24';
INSERT INTO AFILIADA (ID,NOME,CODIGO,ESTADO,GRUPOAFILIADA_ID) SELECT NEXT VALUE FOR "HIBERNATE_SEQUENCE",'TV LIBERAL REDENÇÃO','RDC','PA',G.ID FROM GRUPOAFILIADA G WHERE CODIGO='G24';
INSERT INTO AFILIADA (ID,NOME,CODIGO,ESTADO,GRUPOAFILIADA_ID) SELECT NEXT VALUE FOR "HIBERNATE_SEQUENCE",'TV LIBERAL PARAUAPEBAS','PUP','PA',G.ID FROM GRUPOAFILIADA G WHERE CODIGO='G24';
INSERT INTO AFILIADA (ID,NOME,CODIGO,ESTADO,GRUPOAFILIADA_ID) SELECT NEXT VALUE FOR "HIBERNATE_SEQUENCE",'TV LIBERAL MARABÁ','MAB','PA',G.ID FROM GRUPOAFILIADA G WHERE CODIGO='G24';
INSERT INTO AFILIADA (ID,NOME,CODIGO,ESTADO,GRUPOAFILIADA_ID) SELECT NEXT VALUE FOR "HIBERNATE_SEQUENCE",'TV LIBERAL ITAITUBA','ITT','PA',G.ID FROM GRUPOAFILIADA G WHERE CODIGO='G24';
INSERT INTO AFILIADA (ID,NOME,CODIGO,ESTADO,GRUPOAFILIADA_ID) SELECT NEXT VALUE FOR "HIBERNATE_SEQUENCE",'TV LIBERAL CASTANHAL','CAS','PA',G.ID FROM GRUPOAFILIADA G WHERE CODIGO='G24';
INSERT INTO AFILIADA (ID,NOME,CODIGO,ESTADO,GRUPOAFILIADA_ID) SELECT NEXT VALUE FOR "HIBERNATE_SEQUENCE",'TV LIBERAL BELÉM','BEL','PA',G.ID FROM GRUPOAFILIADA G WHERE CODIGO='G24';
INSERT INTO AFILIADA (ID,NOME,CODIGO,ESTADO,GRUPOAFILIADA_ID) SELECT NEXT VALUE FOR "HIBERNATE_SEQUENCE",'TV LIBERAL ALTAMIRA','ALT','PA',G.ID FROM GRUPOAFILIADA G WHERE CODIGO='G24';
INSERT INTO AFILIADA (ID,NOME,CODIGO,ESTADO,GRUPOAFILIADA_ID) SELECT NEXT VALUE FOR "HIBERNATE_SEQUENCE",'TV LIBERAL PARAGOMINAS','PAM','PA',G.ID FROM GRUPOAFILIADA G WHERE CODIGO='G24';
INSERT INTO AFILIADA (ID,NOME,CODIGO,ESTADO,GRUPOAFILIADA_ID) SELECT NEXT VALUE FOR "HIBERNATE_SEQUENCE",'TV MIRANTE SANTA INÊS','STI','MA',G.ID FROM GRUPOAFILIADA G WHERE CODIGO='G25';
INSERT INTO AFILIADA (ID,NOME,CODIGO,ESTADO,GRUPOAFILIADA_ID) SELECT NEXT VALUE FOR "HIBERNATE_SEQUENCE",'TV MIRANTE IMPERATRIZ','IMP','MA',G.ID FROM GRUPOAFILIADA G WHERE CODIGO='G25';
INSERT INTO AFILIADA (ID,NOME,CODIGO,ESTADO,GRUPOAFILIADA_ID) SELECT NEXT VALUE FOR "HIBERNATE_SEQUENCE",'TV MIRANTE COCAIS','CDO','MA',G.ID FROM GRUPOAFILIADA G WHERE CODIGO='G25';
INSERT INTO AFILIADA (ID,NOME,CODIGO,ESTADO,GRUPOAFILIADA_ID) SELECT NEXT VALUE FOR "HIBERNATE_SEQUENCE",'TV MIRANTE AÇAILÂNDIA','ACA','MA',G.ID FROM GRUPOAFILIADA G WHERE CODIGO='G25';
INSERT INTO AFILIADA (ID,NOME,CODIGO,ESTADO,GRUPOAFILIADA_ID) SELECT NEXT VALUE FOR "HIBERNATE_SEQUENCE",'TV MIRANTE SÃO LUIZ','MA1','MA',G.ID FROM GRUPOAFILIADA G WHERE CODIGO='G25';
INSERT INTO AFILIADA (ID,NOME,CODIGO,ESTADO,GRUPOAFILIADA_ID) SELECT NEXT VALUE FOR "HIBERNATE_SEQUENCE",'TV MIRANTE BALSAS','BAS','MA',G.ID FROM GRUPOAFILIADA G WHERE CODIGO='G21';
INSERT INTO AFILIADA (ID,NOME,CODIGO,ESTADO,GRUPOAFILIADA_ID) SELECT NEXT VALUE FOR "HIBERNATE_SEQUENCE",'TV RIO SUL','RES','RJ',G.ID FROM GRUPOAFILIADA G WHERE CODIGO='G18';
INSERT INTO AFILIADA (ID,NOME,CODIGO,ESTADO,GRUPOAFILIADA_ID) SELECT NEXT VALUE FOR "HIBERNATE_SEQUENCE",'TV SERGIPE','SER','SE',G.ID FROM GRUPOAFILIADA G WHERE CODIGO='G05';
INSERT INTO AFILIADA (ID,NOME,CODIGO,ESTADO,GRUPOAFILIADA_ID) SELECT NEXT VALUE FOR "HIBERNATE_SEQUENCE",'TV TAPAJÓS','TAP','PA',G.ID FROM GRUPOAFILIADA G WHERE CODIGO='G12';
INSERT INTO AFILIADA (ID,NOME,CODIGO,ESTADO,GRUPOAFILIADA_ID) SELECT NEXT VALUE FOR "HIBERNATE_SEQUENCE",'TV TEM BAURU','BAU','SP',G.ID FROM GRUPOAFILIADA G WHERE CODIGO='G07';
INSERT INTO AFILIADA (ID,NOME,CODIGO,ESTADO,GRUPOAFILIADA_ID) SELECT NEXT VALUE FOR "HIBERNATE_SEQUENCE",'TV TEM ITAPETININGA','ITP','SP',G.ID FROM GRUPOAFILIADA G WHERE CODIGO='G07';
INSERT INTO AFILIADA (ID,NOME,CODIGO,ESTADO,GRUPOAFILIADA_ID) SELECT NEXT VALUE FOR "HIBERNATE_SEQUENCE",'TV TEM SÃO JOSÉ DO RIO PRETO','SJR','SP',G.ID FROM GRUPOAFILIADA G WHERE CODIGO='G07';
INSERT INTO AFILIADA (ID,NOME,CODIGO,ESTADO,GRUPOAFILIADA_ID) SELECT NEXT VALUE FOR "HIBERNATE_SEQUENCE",'TV TEM SOROCABA','SOR','SP',G.ID FROM GRUPOAFILIADA G WHERE CODIGO='G07';
INSERT INTO AFILIADA (ID,NOME,CODIGO,ESTADO,GRUPOAFILIADA_ID) SELECT NEXT VALUE FOR "HIBERNATE_SEQUENCE",'TV TRIBUNA','SAN','SP',G.ID FROM GRUPOAFILIADA G WHERE CODIGO='G03';
INSERT INTO AFILIADA (ID,NOME,CODIGO,ESTADO,GRUPOAFILIADA_ID) SELECT NEXT VALUE FOR "HIBERNATE_SEQUENCE",'TV VERDES MARES CARIRI','CE2','CE',G.ID FROM GRUPOAFILIADA G WHERE CODIGO='G20';
INSERT INTO AFILIADA (ID,NOME,CODIGO,ESTADO,GRUPOAFILIADA_ID) SELECT NEXT VALUE FOR "HIBERNATE_SEQUENCE",'TV VERDES MARES FORTALEZA','CE1','CE',G.ID FROM GRUPOAFILIADA G WHERE CODIGO='G20';
INSERT INTO AFILIADA (ID,NOME,CODIGO,ESTADO,GRUPOAFILIADA_ID) SELECT NEXT VALUE FOR "HIBERNATE_SEQUENCE",'VANGUARDA SÃO JOSÉ DOS CAMPOS','SJC','SP',G.ID FROM GRUPOAFILIADA G WHERE CODIGO='G04';
INSERT INTO AFILIADA (ID,NOME,CODIGO,ESTADO,GRUPOAFILIADA_ID) SELECT NEXT VALUE FOR "HIBERNATE_SEQUENCE",'VANGUARDA TAUBATÉ','TAU','SP',G.ID FROM GRUPOAFILIADA G WHERE CODIGO='G04';
INSERT INTO OPERADORA (ID,NOME,ESTADO,AFILIADATVGLOBO,AFILIADA_ID,HEADEND_ID,APAGADO) SELECT '1','OPERADORA 1','SP','AFILIADA 1',A.ID, '1','NAO' FROM AFILIADA A WHERE A.CODIGO = 'CAM';
INSERT INTO OPERADORA_CANAL (OPERADORA_ID,CANAIS_ID) VALUES (1,1);
INSERT INTO OPERADORA_CANAL (OPERADORA_ID,CANAIS_ID) VALUES (1,2);
INSERT INTO OPERADORA_CANAL (OPERADORA_ID,CANAIS_ID) VALUES (1,3);
INSERT INTO OPERADORA_CANAL (OPERADORA_ID,CANAIS_ID) VALUES (1,4);
INSERT INTO OPERADORA_CANAL (OPERADORA_ID,CANAIS_ID) VALUES (1,5);
INSERT INTO OPERADORA_CANAL (OPERADORA_ID,CANAIS_ID) VALUES (1,6);
INSERT INTO CAMPEONATOOPERADORA (ID,CAMPEONATO_ID,OPERADORA_ID) VALUES (1,1,1);
INSERT INTO USUARIO_OPERADORA (USUARIO_ID, OPERADORAS_ID) VALUES (1,1);
INSERT INTO USUARIO_OPERADORA (USUARIO_ID, OPERADORAS_ID) VALUES (2,1);
INSERT INTO CONFIGURACAO (ID, INTEGRARLIVEADMIN, URLLIVEADMIN, TOKENLIVEADMIN, HORASANTECEDENCIA, HORASPOSTERIORES) VALUES (1, 1, 'http://localhost:8181/sidi/mock/transmissions', 'AAAAAAAA', 2, 2);